NocNo,JobLevel
0000, 0
0001, 0
0002, 0
0003, 0
0004, 0
0005, 0
0006, 0
0007, 0
0008, 0
0009, 0
0010, 0
0011, 0
0012, 0
0013, 0
0014, 0
0015, 0
0016, 0
0017, 0
0018, 0
0019, 0
0020, 0
0021, 0
0022, 0
0023, 0
0024, 0
0025, 0
0026, 0
0027, 0
0028, 0
0029, 0
0030, 0
0031, 0
0032, 0
0033, 0
0034, 0
0035, 0
0036, 0
0037, 0
0038, 0
0039, 0
0040, 0
0041, 0
0042, 0
0043, 0
0044, 0
0045, 0
0046, 0
0047, 0
0048, 0
0049, 0
0050, 0
0051, 0
0052, 0
0053, 0
0054, 0
0055, 0
0056, 0
0057, 0
0058, 0
0059, 0
0060, 0
0061, 0
0062, 0
0063, 0
0064, 0
0065, 0
0066, 0
0067, 0
0068, 0
0069, 0
0070, 0
0071, 0
0072, 0
0073, 0
0074, 0
0075, 0
0076, 0
0077, 0
0078, 0
0079, 0
0080, 0
0081, 0
0082, 0
0083, 0
0084, 0
0085, 0
0086, 0
0087, 0
0088, 0
0089, 0
0090, 0
0091, 0
0092, 0
0093, 0
0094, 0
0095, 0
0096, 0
0097, 0
0098, 0
0100, 0
0101, 0
0102, 0
0103, 0
0104, 0
0105, 0
0106, 0
0107, 0
0108, 0
0109, 0
0110, 0
0111, 0
0112, 0
0113, 0
0114, 0
0115, 0
0116, 0
0117, 0
0118, 0
0119, 0
0120, 0
0121, 0
0122, 0
0123, 0
0124, 0
0125, 0
0126, 0
0127, 0
0128, 0
0129, 0
0130, 0
0131, 0
0132, 0
0133, 0
0134, 0
0135, 0
0136, 0
0137, 0
0138, 0
0139, 0
0140, 0
0141, 0
0142, 0
0143, 0
0144, 0
0145, 0
0146, 0
0147, 0
0148, 0
0149, 0
0150, 0
0151, 0
0152, 0
0153, 0
0154, 0
0155, 0
0156, 0
0157, 0
0158, 0
0159, 0
0160, 0
0161, 0
0162, 0
0163, 0
0164, 0
0165, 0
0166, 0
0167, 0
0168, 0
0169, 0
0170, 0
0171, 0
0172, 0
0173, 0
0174, 0
0175, 0
0176, 0
0177, 0
0178, 0
0179, 0
0180, 0
0181, 0
0182, 0
0183, 0
0184, 0
0185, 0
0186, 0
0187, 0
0188, 0
0189, 0
0190, 0
0191, 0
0192, 0
0193, 0
0194, 0
0195, 0
0196, 0
0197, 0
0198, 0
1100, A
1101, A
1102, A
1103, A
1104, A
1105, A
1106, A
1107, A
1108, A
1109, A
1110, A
1111, A
1112, A
1113, A
1114, A
1115, A
1116, A
1117, A
1118, A
1119, A
1120, A
1121, A
1122, A
1123, A
1124, A
1125, A
1126, A
1127, A
1128, A
1129, A
1130, A
1131, A
1132, A
1133, A
1134, A
1135, A
1136, A
1137, A
1138, A
1139, A
1140, A
1141, A
1142, A
1143, A
1144, A
1145, A
1146, A
1147, A
1148, A
1149, A
1150, A
1151, A
1152, A
1153, A
1154, A
1155, A
1156, A
1157, A
1158, A
1159, A
1160, A
1161, A
1162, A
1163, A
1164, A
1165, A
1166, A
1167, A
1168, A
1169, A
1170, A
1171, A
1172, A
1173, A
1174, A
1175, A
1176, A
1177, A
1178, A
1179, A
1180, A
1181, A
1182, A
1183, A
1184, A
1185, A
1186, A
1187, A
1188, A
1189, A
1190, A
1191, A
1192, A
1193, A
1194, A
1195, A
1196, A
1197, A
1198, A
1200, B
1201, B
1202, B
1203, B
1204, B
1205, B
1206, B
1207, B
1208, B
1209, B
1210, B
1211, B
1212, B
1213, B
1214, B
1215, B
1216, B
1217, B
1218, B
1219, B
1220, B
1221, B
1222, B
1223, B
1224, B
1225, B
1226, B
1227, B
1228, B
1229, B
1230, B
1231, B
1232, B
1233, B
1234, B
1235, B
1236, B
1237, B
1238, B
1239, B
1240, B
1241, B
1242, B
1243, B
1244, B
1245, B
1246, B
1247, B
1248, B
1249, B
1250, B
1251, B
1252, B
1253, B
1254, B
1255, B
1256, B
1257, B
1258, B
1259, B
1260, B
1261, B
1262, B
1263, B
1264, B
1265, B
1266, B
1267, B
1268, B
1269, B
1270, B
1271, B
1272, B
1273, B
1274, B
1275, B
1276, B
1277, B
1278, B
1279, B
1280, B
1281, B
1282, B
1283, B
1284, B
1285, B
1286, B
1287, B
1288, B
1289, B
1290, B
1291, B
1292, B
1293, B
1294, B
1295, B
1296, B
1297, B
1298, B
1300, B
1301, B
1302, B
1303, B
1304, B
1305, B
1306, B
1307, B
1308, B
1309, B
1310, B
1311, B
1312, B
1313, B
1314, B
1315, B
1316, B
1317, B
1318, B
1319, B
1320, B
1321, B
1322, B
1323, B
1324, B
1325, B
1326, B
1327, B
1328, B
1329, B
1330, B
1331, B
1332, B
1333, B
1334, B
1335, B
1336, B
1337, B
1338, B
1339, B
1340, B
1341, B
1342, B
1343, B
1344, B
1345, B
1346, B
1347, B
1348, B
1349, B
1350, B
1351, B
1352, B
1353, B
1354, B
1355, B
1356, B
1357, B
1358, B
1359, B
1360, B
1361, B
1362, B
1363, B
1364, B
1365, B
1366, B
1367, B
1368, B
1369, B
1370, B
1371, B
1372, B
1373, B
1374, B
1375, B
1376, B
1377, B
1378, B
1379, B
1380, B
1381, B
1382, B
1383, B
1384, B
1385, B
1386, B
1387, B
1388, B
1389, B
1390, B
1391, B
1392, B
1393, B
1394, B
1395, B
1396, B
1397, B
1398, B
1400, C
1401, C
1402, C
1403, C
1404, C
1405, C
1406, C
1407, C
1408, C
1409, C
1410, C
1411, C
1412, C
1413, C
1414, C
1415, C
1416, C
1417, C
1418, C
1419, C
1420, C
1421, C
1422, C
1423, C
1424, C
1425, C
1426, C
1427, C
1428, C
1429, C
1430, C
1431, C
1432, C
1433, C
1434, C
1435, C
1436, C
1437, C
1438, C
1439, C
1440, C
1441, C
1442, C
1443, C
1444, C
1445, C
1446, C
1447, C
1448, C
1449, C
1450, C
1451, C
1452, C
1453, C
1454, C
1455, C
1456, C
1457, C
1458, C
1459, C
1460, C
1461, C
1462, C
1463, C
1464, C
1465, C
1466, C
1467, C
1468, C
1469, C
1470, C
1471, C
1472, C
1473, C
1474, C
1475, C
1476, C
1477, C
1478, C
1479, C
1480, C
1481, C
1482, C
1483, C
1484, C
1485, C
1486, C
1487, C
1488, C
1489, C
1490, C
1491, C
1492, C
1493, C
1494, C
1495, C
1496, C
1497, C
1498, C
1500, C
1501, C
1502, C
1503, C
1504, C
1505, C
1506, C
1507, C
1508, C
1509, C
1510, C
1511, C
1512, C
1513, C
1514, C
1515, C
1516, C
1517, C
1518, C
1519, C
1520, C
1521, C
1522, C
1523, C
1524, C
1525, C
1526, C
1527, C
1528, C
1529, C
1530, C
1531, C
1532, C
1533, C
1534, C
1535, C
1536, C
1537, C
1538, C
1539, C
1540, C
1541, C
1542, C
1543, C
1544, C
1545, C
1546, C
1547, C
1548, C
1549, C
1550, C
1551, C
1552, C
1553, C
1554, C
1555, C
1556, C
1557, C
1558, C
1559, C
1560, C
1561, C
1562, C
1563, C
1564, C
1565, C
1566, C
1567, C
1568, C
1569, C
1570, C
1571, C
1572, C
1573, C
1574, C
1575, C
1576, C
1577, C
1578, C
1579, C
1580, C
1581, C
1582, C
1583, C
1584, C
1585, C
1586, C
1587, C
1588, C
1589, C
1590, C
1591, C
1592, C
1593, C
1594, C
1595, C
1596, C
1597, C
1598, C
0200, 0
0201, 0
0202, 0
0203, 0
0204, 0
0205, 0
0206, 0
0207, 0
0208, 0
0209, 0
0210, 0
0211, 0
0212, 0
0213, 0
0214, 0
0215, 0
0216, 0
0217, 0
0218, 0
0219, 0
0220, 0
0221, 0
0222, 0
0223, 0
0224, 0
0225, 0
0226, 0
0227, 0
0228, 0
0229, 0
0230, 0
0231, 0
0232, 0
0233, 0
0234, 0
0235, 0
0236, 0
0237, 0
0238, 0
0239, 0
0240, 0
0241, 0
0242, 0
0243, 0
0244, 0
0245, 0
0246, 0
0247, 0
0248, 0
0249, 0
0250, 0
0251, 0
0252, 0
0253, 0
0254, 0
0255, 0
0256, 0
0257, 0
0258, 0
0259, 0
0260, 0
0261, 0
0262, 0
0263, 0
0264, 0
0265, 0
0266, 0
0267, 0
0268, 0
0269, 0
0270, 0
0271, 0
0272, 0
0273, 0
0274, 0
0275, 0
0276, 0
0277, 0
0278, 0
0279, 0
0280, 0
0281, 0
0282, 0
0283, 0
0284, 0
0285, 0
0286, 0
0287, 0
0288, 0
0289, 0
0290, 0
0291, 0
0292, 0
0293, 0
0294, 0
0295, 0
0296, 0
0297, 0
0298, 0
2100, A
2101, A
2102, A
2103, A
2104, A
2105, A
2106, A
2107, A
2108, A
2109, A
2110, A
2111, A
2112, A
2113, A
2114, A
2115, A
2116, A
2117, A
2118, A
2119, A
2120, A
2121, A
2122, A
2123, A
2124, A
2125, A
2126, A
2127, A
2128, A
2129, A
2130, A
2131, A
2132, A
2133, A
2134, A
2135, A
2136, A
2137, A
2138, A
2139, A
2140, A
2141, A
2142, A
2143, A
2144, A
2145, A
2146, A
2147, A
2148, A
2149, A
2150, A
2151, A
2152, A
2153, A
2154, A
2155, A
2156, A
2157, A
2158, A
2159, A
2160, A
2161, A
2162, A
2163, A
2164, A
2165, A
2166, A
2167, A
2168, A
2169, A
2170, A
2171, A
2172, A
2173, A
2174, A
2175, A
2176, A
2177, A
2178, A
2179, A
2180, A
2181, A
2182, A
2183, A
2184, A
2185, A
2186, A
2187, A
2188, A
2189, A
2190, A
2191, A
2192, A
2193, A
2194, A
2195, A
2196, A
2197, A
2198, A
2200, B
2201, B
2202, B
2203, B
2204, B
2205, B
2206, B
2207, B
2208, B
2209, B
2210, B
2211, B
2212, B
2213, B
2214, B
2215, B
2216, B
2217, B
2218, B
2219, B
2220, B
2221, B
2222, B
2223, B
2224, B
2225, B
2226, B
2227, B
2228, B
2229, B
2230, B
2231, B
2232, B
2233, B
2234, B
2235, B
2236, B
2237, B
2238, B
2239, B
2240, B
2241, B
2242, B
2243, B
2244, B
2245, B
2246, B
2247, B
2248, B
2249, B
2250, B
2251, B
2252, B
2253, B
2254, B
2255, B
2256, B
2257, B
2258, B
2259, B
2260, B
2261, B
2262, B
2263, B
2264, B
2265, B
2266, B
2267, B
2268, B
2269, B
2270, B
2271, B
2272, B
2273, B
2274, B
2275, B
2276, B
2277, B
2278, B
2279, B
2280, B
2281, B
2282, B
2283, B
2284, B
2285, B
2286, B
2287, B
2288, B
2289, B
2290, B
2291, B
2292, B
2293, B
2294, B
2295, B
2296, B
2297, B
2298, B
0300, 0
0301, 0
0302, 0
0303, 0
0304, 0
0305, 0
0306, 0
0307, 0
0308, 0
0309, 0
0310, 0
0311, 0
0312, 0
0313, 0
0314, 0
0315, 0
0316, 0
0317, 0
0318, 0
0319, 0
0320, 0
0321, 0
0322, 0
0323, 0
0324, 0
0325, 0
0326, 0
0327, 0
0328, 0
0329, 0
0330, 0
0331, 0
0332, 0
0333, 0
0334, 0
0335, 0
0336, 0
0337, 0
0338, 0
0339, 0
0340, 0
0341, 0
0342, 0
0343, 0
0344, 0
0345, 0
0346, 0
0347, 0
0348, 0
0349, 0
0350, 0
0351, 0
0352, 0
0353, 0
0354, 0
0355, 0
0356, 0
0357, 0
0358, 0
0359, 0
0360, 0
0361, 0
0362, 0
0363, 0
0364, 0
0365, 0
0366, 0
0367, 0
0368, 0
0369, 0
0370, 0
0371, 0
0372, 0
0373, 0
0374, 0
0375, 0
0376, 0
0377, 0
0378, 0
0379, 0
0380, 0
0381, 0
0382, 0
0383, 0
0384, 0
0385, 0
0386, 0
0387, 0
0388, 0
0389, 0
0390, 0
0391, 0
0392, 0
0393, 0
0394, 0
0395, 0
0396, 0
0397, 0
0398, 0
3000, A
3001, A
3002, A
3003, A
3004, A
3005, A
3006, A
3007, A
3008, A
3009, A
3010, A
3011, A
3012, A
3013, A
3014, A
3015, A
3016, A
3017, A
3018, A
3019, A
3020, A
3021, A
3022, A
3023, A
3024, A
3025, A
3026, A
3027, A
3028, A
3029, A
3030, A
3031, A
3032, A
3033, A
3034, A
3035, A
3036, A
3037, A
3038, A
3039, A
3040, A
3041, A
3042, A
3043, A
3044, A
3045, A
3046, A
3047, A
3048, A
3049, A
3050, A
3051, A
3052, A
3053, A
3054, A
3055, A
3056, A
3057, A
3058, A
3059, A
3060, A
3061, A
3062, A
3063, A
3064, A
3065, A
3066, A
3067, A
3068, A
3069, A
3070, A
3071, A
3072, A
3073, A
3074, A
3075, A
3076, A
3077, A
3078, A
3079, A
3080, A
3081, A
3082, A
3083, A
3084, A
3085, A
3086, A
3087, A
3088, A
3089, A
3090, A
3091, A
3092, A
3093, A
3094, A
3095, A
3096, A
3097, A
3098, A
3100, B
3101, B
3102, B
3103, B
3104, B
3105, B
3106, B
3107, B
3108, B
3109, B
3110, B
3111, B
3112, B
3113, B
3114, B
3115, B
3116, B
3117, B
3118, B
3119, B
3120, B
3121, B
3122, B
3123, B
3124, B
3125, B
3126, B
3127, B
3128, B
3129, B
3130, B
3131, B
3132, B
3133, B
3134, B
3135, B
3136, B
3137, B
3138, B
3139, B
3140, B
3141, B
3142, B
3143, B
3144, B
3145, B
3146, B
3147, B
3148, B
3149, B
3150, B
3151, B
3152, B
3153, B
3154, B
3155, B
3156, B
3157, B
3158, B
3159, B
3160, B
3161, B
3162, B
3163, B
3164, B
3165, B
3166, B
3167, B
3168, B
3169, B
3170, B
3171, B
3172, B
3173, B
3174, B
3175, B
3176, B
3177, B
3178, B
3179, B
3180, B
3181, B
3182, B
3183, B
3184, B
3185, B
3186, B
3187, B
3188, B
3189, B
3190, B
3191, B
3192, B
3193, B
3194, B
3195, B
3196, B
3197, B
3198, B
3200, B
3201, B
3202, B
3203, B
3204, B
3205, B
3206, B
3207, B
3208, B
3209, B
3210, B
3211, B
3212, B
3213, B
3214, B
3215, B
3216, B
3217, B
3218, B
3219, B
3220, B
3221, B
3222, B
3223, B
3224, B
3225, B
3226, B
3227, B
3228, B
3229, B
3230, B
3231, B
3232, B
3233, B
3234, B
3235, B
3236, B
3237, B
3238, B
3239, B
3240, B
3241, B
3242, B
3243, B
3244, B
3245, B
3246, B
3247, B
3248, B
3249, B
3250, B
3251, B
3252, B
3253, B
3254, B
3255, B
3256, B
3257, B
3258, B
3259, B
3260, B
3261, B
3262, B
3263, B
3264, B
3265, B
3266, B
3267, B
3268, B
3269, B
3270, B
3271, B
3272, B
3273, B
3274, B
3275, B
3276, B
3277, B
3278, B
3279, B
3280, B
3281, B
3282, B
3283, B
3284, B
3285, B
3286, B
3287, B
3288, B
3289, B
3290, B
3291, B
3292, B
3293, B
3294, B
3295, B
3296, B
3297, B
3298, B
3400, C
3401, C
3402, C
3403, C
3404, C
3405, C
3406, C
3407, C
3408, C
3409, C
3410, C
3411, C
3412, C
3413, C
3414, C
3415, C
3416, C
3417, C
3418, C
3419, C
3420, C
3421, C
3422, C
3423, C
3424, C
3425, C
3426, C
3427, C
3428, C
3429, C
3430, C
3431, C
3432, C
3433, C
3434, C
3435, C
3436, C
3437, C
3438, C
3439, C
3440, C
3441, C
3442, C
3443, C
3444, C
3445, C
3446, C
3447, C
3448, C
3449, C
3450, C
3451, C
3452, C
3453, C
3454, C
3455, C
3456, C
3457, C
3458, C
3459, C
3460, C
3461, C
3462, C
3463, C
3464, C
3465, C
3466, C
3467, C
3468, C
3469, C
3470, C
3471, C
3472, C
3473, C
3474, C
3475, C
3476, C
3477, C
3478, C
3479, C
3480, C
3481, C
3482, C
3483, C
3484, C
3485, C
3486, C
3487, C
3488, C
3489, C
3490, C
3491, C
3492, C
3493, C
3494, C
3495, C
3496, C
3497, C
3498, C
0400, 0
0401, 0
0402, 0
0403, 0
0404, 0
0405, 0
0406, 0
0407, 0
0408, 0
0409, 0
0410, 0
0411, 0
0412, 0
0413, 0
0414, 0
0415, 0
0416, 0
0417, 0
0418, 0
0419, 0
0420, 0
0421, 0
0422, 0
0423, 0
0424, 0
0425, 0
0426, 0
0427, 0
0428, 0
0429, 0
0430, 0
0431, 0
0432, 0
0433, 0
0434, 0
0435, 0
0436, 0
0437, 0
0438, 0
0439, 0
0440, 0
0441, 0
0442, 0
0443, 0
0444, 0
0445, 0
0446, 0
0447, 0
0448, 0
0449, 0
0450, 0
0451, 0
0452, 0
0453, 0
0454, 0
0455, 0
0456, 0
0457, 0
0458, 0
0459, 0
0460, 0
0461, 0
0462, 0
0463, 0
0464, 0
0465, 0
0466, 0
0467, 0
0468, 0
0469, 0
0470, 0
0471, 0
0472, 0
0473, 0
0474, 0
0475, 0
0476, 0
0477, 0
0478, 0
0479, 0
0480, 0
0481, 0
0482, 0
0483, 0
0484, 0
0485, 0
0486, 0
0487, 0
0488, 0
0489, 0
0490, 0
0491, 0
0492, 0
0493, 0
0494, 0
0495, 0
0496, 0
0497, 0
0498, 0
4000, A
4001, A
4002, A
4003, A
4004, A
4005, A
4006, A
4007, A
4008, A
4009, A
4010, A
4011, A
4012, A
4013, A
4014, A
4015, A
4016, A
4017, A
4018, A
4019, A
4020, A
4021, A
4022, A
4023, A
4024, A
4025, A
4026, A
4027, A
4028, A
4029, A
4030, A
4031, A
4032, A
4033, A
4034, A
4035, A
4036, A
4037, A
4038, A
4039, A
4040, A
4041, A
4042, A
4043, A
4044, A
4045, A
4046, A
4047, A
4048, A
4049, A
4050, A
4051, A
4052, A
4053, A
4054, A
4055, A
4056, A
4057, A
4058, A
4059, A
4060, A
4061, A
4062, A
4063, A
4064, A
4065, A
4066, A
4067, A
4068, A
4069, A
4070, A
4071, A
4072, A
4073, A
4074, A
4075, A
4076, A
4077, A
4078, A
4079, A
4080, A
4081, A
4082, A
4083, A
4084, A
4085, A
4086, A
4087, A
4088, A
4089, A
4090, A
4091, A
4092, A
4093, A
4094, A
4095, A
4096, A
4097, A
4098, A
4100, A
4101, A
4102, A
4103, A
4104, A
4105, A
4106, A
4107, A
4108, A
4109, A
4110, A
4111, A
4112, A
4113, A
4114, A
4115, A
4116, A
4117, A
4118, A
4119, A
4120, A
4121, A
4122, A
4123, A
4124, A
4125, A
4126, A
4127, A
4128, A
4129, A
4130, A
4131, A
4132, A
4133, A
4134, A
4135, A
4136, A
4137, A
4138, A
4139, A
4140, A
4141, A
4142, A
4143, A
4144, A
4145, A
4146, A
4147, A
4148, A
4149, A
4150, A
4151, A
4152, A
4153, A
4154, A
4155, A
4156, A
4157, A
4158, A
4159, A
4160, A
4161, A
4162, A
4163, A
4164, A
4165, A
4166, A
4167, A
4168, A
4169, A
4170, A
4171, A
4172, A
4173, A
4174, A
4175, A
4176, A
4177, A
4178, A
4179, A
4180, A
4181, A
4182, A
4183, A
4184, A
4185, A
4186, A
4187, A
4188, A
4189, A
4190, A
4191, A
4192, A
4193, A
4194, A
4195, A
4196, A
4197, A
4198, A
4200, B
4201, B
4202, B
4203, B
4204, B
4205, B
4206, B
4207, B
4208, B
4209, B
4210, B
4211, B
4212, B
4213, B
4214, B
4215, B
4216, B
4217, B
4218, B
4219, B
4220, B
4221, B
4222, B
4223, B
4224, B
4225, B
4226, B
4227, B
4228, B
4229, B
4230, B
4231, B
4232, B
4233, B
4234, B
4235, B
4236, B
4237, B
4238, B
4239, B
4240, B
4241, B
4242, B
4243, B
4244, B
4245, B
4246, B
4247, B
4248, B
4249, B
4250, B
4251, B
4252, B
4253, B
4254, B
4255, B
4256, B
4257, B
4258, B
4259, B
4260, B
4261, B
4262, B
4263, B
4264, B
4265, B
4266, B
4267, B
4268, B
4269, B
4270, B
4271, B
4272, B
4273, B
4274, B
4275, B
4276, B
4277, B
4278, B
4279, B
4280, B
4281, B
4282, B
4283, B
4284, B
4285, B
4286, B
4287, B
4288, B
4289, B
4290, B
4291, B
4292, B
4293, B
4294, B
4295, B
4296, B
4297, B
4298, B
4300, B
4301, B
4302, B
4303, B
4304, B
4305, B
4306, B
4307, B
4308, B
4309, B
4310, B
4311, B
4312, B
4313, B
4314, B
4315, B
4316, B
4317, B
4318, B
4319, B
4320, B
4321, B
4322, B
4323, B
4324, B
4325, B
4326, B
4327, B
4328, B
4329, B
4330, B
4331, B
4332, B
4333, B
4334, B
4335, B
4336, B
4337, B
4338, B
4339, B
4340, B
4341, B
4342, B
4343, B
4344, B
4345, B
4346, B
4347, B
4348, B
4349, B
4350, B
4351, B
4352, B
4353, B
4354, B
4355, B
4356, B
4357, B
4358, B
4359, B
4360, B
4361, B
4362, B
4363, B
4364, B
4365, B
4366, B
4367, B
4368, B
4369, B
4370, B
4371, B
4372, B
4373, B
4374, B
4375, B
4376, B
4377, B
4378, B
4379, B
4380, B
4381, B
4382, B
4383, B
4384, B
4385, B
4386, B
4387, B
4388, B
4389, B
4390, B
4391, B
4392, B
4393, B
4394, B
4395, B
4396, B
4397, B
4398, B
4400, C
4401, C
4402, C
4403, C
4404, C
4405, C
4406, C
4407, C
4408, C
4409, C
4410, C
4411, C
4412, C
4413, C
4414, C
4415, C
4416, C
4417, C
4418, C
4419, C
4420, C
4421, C
4422, C
4423, C
4424, C
4425, C
4426, C
4427, C
4428, C
4429, C
4430, C
4431, C
4432, C
4433, C
4434, C
4435, C
4436, C
4437, C
4438, C
4439, C
4440, C
4441, C
4442, C
4443, C
4444, C
4445, C
4446, C
4447, C
4448, C
4449, C
4450, C
4451, C
4452, C
4453, C
4454, C
4455, C
4456, C
4457, C
4458, C
4459, C
4460, C
4461, C
4462, C
4463, C
4464, C
4465, C
4466, C
4467, C
4468, C
4469, C
4470, C
4471, C
4472, C
4473, C
4474, C
4475, C
4476, C
4477, C
4478, C
4479, C
4480, C
4481, C
4482, C
4483, C
4484, C
4485, C
4486, C
4487, C
4488, C
4489, C
4490, C
4491, C
4492, C
4493, C
4494, C
4495, C
4496, C
4497, C
4498, C
0500, 0
0501, 0
0502, 0
0503, 0
0504, 0
0505, 0
0506, 0
0507, 0
0508, 0
0509, 0
0510, 0
0511, 0
0512, 0
0513, 0
0514, 0
0515, 0
0516, 0
0517, 0
0518, 0
0519, 0
0520, 0
0521, 0
0522, 0
0523, 0
0524, 0
0525, 0
0526, 0
0527, 0
0528, 0
0529, 0
0530, 0
0531, 0
0532, 0
0533, 0
0534, 0
0535, 0
0536, 0
0537, 0
0538, 0
0539, 0
0540, 0
0541, 0
0542, 0
0543, 0
0544, 0
0545, 0
0546, 0
0547, 0
0548, 0
0549, 0
0550, 0
0551, 0
0552, 0
0553, 0
0554, 0
0555, 0
0556, 0
0557, 0
0558, 0
0559, 0
0560, 0
0561, 0
0562, 0
0563, 0
0564, 0
0565, 0
0566, 0
0567, 0
0568, 0
0569, 0
0570, 0
0571, 0
0572, 0
0573, 0
0574, 0
0575, 0
0576, 0
0577, 0
0578, 0
0579, 0
0580, 0
0581, 0
0582, 0
0583, 0
0584, 0
0585, 0
0586, 0
0587, 0
0588, 0
0589, 0
0590, 0
0591, 0
0592, 0
0593, 0
0594, 0
0595, 0
0596, 0
0597, 0
0598, 0
5100, A
5101, A
5102, A
5103, A
5104, A
5105, A
5106, A
5107, A
5108, A
5109, A
5110, A
5111, A
5112, A
5113, A
5114, A
5115, A
5116, A
5117, A
5118, A
5119, A
5120, A
5121, A
5122, A
5123, A
5124, A
5125, A
5126, A
5127, A
5128, A
5129, A
5130, A
5131, A
5132, A
5133, A
5134, A
5135, A
5136, A
5137, A
5138, A
5139, A
5140, A
5141, A
5142, A
5143, A
5144, A
5145, A
5146, A
5147, A
5148, A
5149, A
5150, A
5151, A
5152, A
5153, A
5154, A
5155, A
5156, A
5157, A
5158, A
5159, A
5160, A
5161, A
5162, A
5163, A
5164, A
5165, A
5166, A
5167, A
5168, A
5169, A
5170, A
5171, A
5172, A
5173, A
5174, A
5175, A
5176, A
5177, A
5178, A
5179, A
5180, A
5181, A
5182, A
5183, A
5184, A
5185, A
5186, A
5187, A
5188, A
5189, A
5190, A
5191, A
5192, A
5193, A
5194, A
5195, A
5196, A
5197, A
5198, A
5200, B
5201, B
5202, B
5203, B
5204, B
5205, B
5206, B
5207, B
5208, B
5209, B
5210, B
5211, B
5212, B
5213, B
5214, B
5215, B
5216, B
5217, B
5218, B
5219, B
5220, B
5221, B
5222, B
5223, B
5224, B
5225, B
5226, B
5227, B
5228, B
5229, B
5230, B
5231, B
5232, B
5233, B
5234, B
5235, B
5236, B
5237, B
5238, B
5239, B
5240, B
5241, B
5242, B
5243, B
5244, B
5245, B
5246, B
5247, B
5248, B
5249, B
5250, B
5251, B
5252, B
5253, B
5254, B
5255, B
5256, B
5257, B
5258, B
5259, B
5260, B
5261, B
5262, B
5263, B
5264, B
5265, B
5266, B
5267, B
5268, B
5269, B
5270, B
5271, B
5272, B
5273, B
5274, B
5275, B
5276, B
5277, B
5278, B
5279, B
5280, B
5281, B
5282, B
5283, B
5284, B
5285, B
5286, B
5287, B
5288, B
5289, B
5290, B
5291, B
5292, B
5293, B
5294, B
5295, B
5296, B
5297, B
5298, B
0600, 0
0601, 0
0602, 0
0603, 0
0604, 0
0605, 0
0606, 0
0607, 0
0608, 0
0609, 0
0610, 0
0611, 0
0612, 0
0613, 0
0614, 0
0615, 0
0616, 0
0617, 0
0618, 0
0619, 0
0620, 0
0621, 0
0622, 0
0623, 0
0624, 0
0625, 0
0626, 0
0627, 0
0628, 0
0629, 0
0630, 0
0631, 0
0632, 0
0633, 0
0634, 0
0635, 0
0636, 0
0637, 0
0638, 0
0639, 0
0640, 0
0641, 0
0642, 0
0643, 0
0644, 0
0645, 0
0646, 0
0647, 0
0648, 0
0649, 0
0650, 0
0651, 0
0652, 0
0653, 0
0654, 0
0655, 0
0656, 0
0657, 0
0658, 0
0659, 0
0660, 0
0661, 0
0662, 0
0663, 0
0664, 0
0665, 0
0666, 0
0667, 0
0668, 0
0669, 0
0670, 0
0671, 0
0672, 0
0673, 0
0674, 0
0675, 0
0676, 0
0677, 0
0678, 0
0679, 0
0680, 0
0681, 0
0682, 0
0683, 0
0684, 0
0685, 0
0686, 0
0687, 0
0688, 0
0689, 0
0690, 0
0691, 0
0692, 0
0693, 0
0694, 0
0695, 0
0696, 0
0697, 0
0698, 0
6200, B
6201, B
6202, B
6203, B
6204, B
6205, B
6206, B
6207, B
6208, B
6209, B
6210, B
6211, B
6212, B
6213, B
6214, B
6215, B
6216, B
6217, B
6218, B
6219, B
6220, B
6221, B
6222, B
6223, B
6224, B
6225, B
6226, B
6227, B
6228, B
6229, B
6230, B
6231, B
6232, B
6233, B
6234, B
6235, B
6236, B
6237, B
6238, B
6239, B
6240, B
6241, B
6242, B
6243, B
6244, B
6245, B
6246, B
6247, B
6248, B
6249, B
6250, B
6251, B
6252, B
6253, B
6254, B
6255, B
6256, B
6257, B
6258, B
6259, B
6260, B
6261, B
6262, B
6263, B
6264, B
6265, B
6266, B
6267, B
6268, B
6269, B
6270, B
6271, B
6272, B
6273, B
6274, B
6275, B
6276, B
6277, B
6278, B
6279, B
6280, B
6281, B
6282, B
6283, B
6284, B
6285, B
6286, B
6287, B
6288, B
6289, B
6290, B
6291, B
6292, B
6293, B
6294, B
6295, B
6296, B
6297, B
6298, B
6300, B
6301, B
6302, B
6303, B
6304, B
6305, B
6306, B
6307, B
6308, B
6309, B
6310, B
6311, B
6312, B
6313, B
6314, B
6315, B
6316, B
6317, B
6318, B
6319, B
6320, B
6321, B
6322, B
6323, B
6324, B
6325, B
6326, B
6327, B
6328, B
6329, B
6330, B
6331, B
6332, B
6333, B
6334, B
6335, B
6336, B
6337, B
6338, B
6339, B
6340, B
6341, B
6342, B
6343, B
6344, B
6345, B
6346, B
6347, B
6348, B
6349, B
6350, B
6351, B
6352, B
6353, B
6354, B
6355, B
6356, B
6357, B
6358, B
6359, B
6360, B
6361, B
6362, B
6363, B
6364, B
6365, B
6366, B
6367, B
6368, B
6369, B
6370, B
6371, B
6372, B
6373, B
6374, B
6375, B
6376, B
6377, B
6378, B
6379, B
6380, B
6381, B
6382, B
6383, B
6384, B
6385, B
6386, B
6387, B
6388, B
6389, B
6390, B
6391, B
6392, B
6393, B
6394, B
6395, B
6396, B
6397, B
6398, B
6400, C
6401, C
6402, C
6403, C
6404, C
6405, C
6406, C
6407, C
6408, C
6409, C
6410, C
6411, C
6412, C
6413, C
6414, C
6415, C
6416, C
6417, C
6418, C
6419, C
6420, C
6421, C
6422, C
6423, C
6424, C
6425, C
6426, C
6427, C
6428, C
6429, C
6430, C
6431, C
6432, C
6433, C
6434, C
6435, C
6436, C
6437, C
6438, C
6439, C
6440, C
6441, C
6442, C
6443, C
6444, C
6445, C
6446, C
6447, C
6448, C
6449, C
6450, C
6451, C
6452, C
6453, C
6454, C
6455, C
6456, C
6457, C
6458, C
6459, C
6460, C
6461, C
6462, C
6463, C
6464, C
6465, C
6466, C
6467, C
6468, C
6469, C
6470, C
6471, C
6472, C
6473, C
6474, C
6475, C
6476, C
6477, C
6478, C
6479, C
6480, C
6481, C
6482, C
6483, C
6484, C
6485, C
6486, C
6487, C
6488, C
6489, C
6490, C
6491, C
6492, C
6493, C
6494, C
6495, C
6496, C
6497, C
6498, C
6500, C
6501, C
6502, C
6503, C
6504, C
6505, C
6506, C
6507, C
6508, C
6509, C
6510, C
6511, C
6512, C
6513, C
6514, C
6515, C
6516, C
6517, C
6518, C
6519, C
6520, C
6521, C
6522, C
6523, C
6524, C
6525, C
6526, C
6527, C
6528, C
6529, C
6530, C
6531, C
6532, C
6533, C
6534, C
6535, C
6536, C
6537, C
6538, C
6539, C
6540, C
6541, C
6542, C
6543, C
6544, C
6545, C
6546, C
6547, C
6548, C
6549, C
6550, C
6551, C
6552, C
6553, C
6554, C
6555, C
6556, C
6557, C
6558, C
6559, C
6560, C
6561, C
6562, C
6563, C
6564, C
6565, C
6566, C
6567, C
6568, C
6569, C
6570, C
6571, C
6572, C
6573, C
6574, C
6575, C
6576, C
6577, C
6578, C
6579, C
6580, C
6581, C
6582, C
6583, C
6584, C
6585, C
6586, C
6587, C
6588, C
6589, C
6590, C
6591, C
6592, C
6593, C
6594, C
6595, C
6596, C
6597, C
6598, C
6600, D
6601, D
6602, D
6603, D
6604, D
6605, D
6606, D
6607, D
6608, D
6609, D
6610, D
6611, D
6612, D
6613, D
6614, D
6615, D
6616, D
6617, D
6618, D
6619, D
6620, D
6621, D
6622, D
6623, D
6624, D
6625, D
6626, D
6627, D
6628, D
6629, D
6630, D
6631, D
6632, D
6633, D
6634, D
6635, D
6636, D
6637, D
6638, D
6639, D
6640, D
6641, D
6642, D
6643, D
6644, D
6645, D
6646, D
6647, D
6648, D
6649, D
6650, D
6651, D
6652, D
6653, D
6654, D
6655, D
6656, D
6657, D
6658, D
6659, D
6660, D
6661, D
6662, D
6663, D
6664, D
6665, D
6666, D
6667, D
6668, D
6669, D
6670, D
6671, D
6672, D
6673, D
6674, D
6675, D
6676, D
6677, D
6678, D
6679, D
6680, D
6681, D
6682, D
6683, D
6684, D
6685, D
6686, D
6687, D
6688, D
6689, D
6690, D
6691, D
6692, D
6693, D
6694, D
6695, D
6696, D
6697, D
6698, D
6700, D
6701, D
6702, D
6703, D
6704, D
6705, D
6706, D
6707, D
6708, D
6709, D
6710, D
6711, D
6712, D
6713, D
6714, D
6715, D
6716, D
6717, D
6718, D
6719, D
6720, D
6721, D
6722, D
6723, D
6724, D
6725, D
6726, D
6727, D
6728, D
6729, D
6730, D
6731, D
6732, D
6733, D
6734, D
6735, D
6736, D
6737, D
6738, D
6739, D
6740, D
6741, D
6742, D
6743, D
6744, D
6745, D
6746, D
6747, D
6748, D
6749, D
6750, D
6751, D
6752, D
6753, D
6754, D
6755, D
6756, D
6757, D
6758, D
6759, D
6760, D
6761, D
6762, D
6763, D
6764, D
6765, D
6766, D
6767, D
6768, D
6769, D
6770, D
6771, D
6772, D
6773, D
6774, D
6775, D
6776, D
6777, D
6778, D
6779, D
6780, D
6781, D
6782, D
6783, D
6784, D
6785, D
6786, D
6787, D
6788, D
6789, D
6790, D
6791, D
6792, D
6793, D
6794, D
6795, D
6796, D
6797, D
6798, D
0700, 0
0701, 0
0702, 0
0703, 0
0704, 0
0705, 0
0706, 0
0707, 0
0708, 0
0709, 0
0710, 0
0711, 0
0712, 0
0713, 0
0714, 0
0715, 0
0716, 0
0717, 0
0718, 0
0719, 0
0720, 0
0721, 0
0722, 0
0723, 0
0724, 0
0725, 0
0726, 0
0727, 0
0728, 0
0729, 0
0730, 0
0731, 0
0732, 0
0733, 0
0734, 0
0735, 0
0736, 0
0737, 0
0738, 0
0739, 0
0740, 0
0741, 0
0742, 0
0743, 0
0744, 0
0745, 0
0746, 0
0747, 0
0748, 0
0749, 0
0750, 0
0751, 0
0752, 0
0753, 0
0754, 0
0755, 0
0756, 0
0757, 0
0758, 0
0759, 0
0760, 0
0761, 0
0762, 0
0763, 0
0764, 0
0765, 0
0766, 0
0767, 0
0768, 0
0769, 0
0770, 0
0771, 0
0772, 0
0773, 0
0774, 0
0775, 0
0776, 0
0777, 0
0778, 0
0779, 0
0780, 0
0781, 0
0782, 0
0783, 0
0784, 0
0785, 0
0786, 0
0787, 0
0788, 0
0789, 0
0790, 0
0791, 0
0792, 0
0793, 0
0794, 0
0795, 0
0796, 0
0797, 0
0798, 0
7200, B
7201, B
7202, B
7203, B
7204, B
7205, B
7206, B
7207, B
7208, B
7209, B
7210, B
7211, B
7212, B
7213, B
7214, B
7215, B
7216, B
7217, B
7218, B
7219, B
7220, B
7221, B
7222, B
7223, B
7224, B
7225, B
7226, B
7227, B
7228, B
7229, B
7230, B
7231, B
7232, B
7233, B
7234, B
7235, B
7236, B
7237, B
7238, B
7239, B
7240, B
7241, B
7242, B
7243, B
7244, B
7245, B
7246, B
7247, B
7248, B
7249, B
7250, B
7251, B
7252, B
7253, B
7254, B
7255, B
7256, B
7257, B
7258, B
7259, B
7260, B
7261, B
7262, B
7263, B
7264, B
7265, B
7266, B
7267, B
7268, B
7269, B
7270, B
7271, B
7272, B
7273, B
7274, B
7275, B
7276, B
7277, B
7278, B
7279, B
7280, B
7281, B
7282, B
7283, B
7284, B
7285, B
7286, B
7287, B
7288, B
7289, B
7290, B
7291, B
7292, B
7293, B
7294, B
7295, B
7296, B
7297, B
7298, B
7300, B
7301, B
7302, B
7303, B
7304, B
7305, B
7306, B
7307, B
7308, B
7309, B
7310, B
7311, B
7312, B
7313, B
7314, B
7315, B
7316, B
7317, B
7318, B
7319, B
7320, B
7321, B
7322, B
7323, B
7324, B
7325, B
7326, B
7327, B
7328, B
7329, B
7330, B
7331, B
7332, B
7333, B
7334, B
7335, B
7336, B
7337, B
7338, B
7339, B
7340, B
7341, B
7342, B
7343, B
7344, B
7345, B
7346, B
7347, B
7348, B
7349, B
7350, B
7351, B
7352, B
7353, B
7354, B
7355, B
7356, B
7357, B
7358, B
7359, B
7360, B
7361, B
7362, B
7363, B
7364, B
7365, B
7366, B
7367, B
7368, B
7369, B
7370, B
7371, B
7372, B
7373, B
7374, B
7375, B
7376, B
7377, B
7378, B
7379, B
7380, B
7381, B
7382, B
7383, B
7384, B
7385, B
7386, B
7387, B
7388, B
7389, B
7390, B
7391, B
7392, B
7393, B
7394, B
7395, B
7396, B
7397, B
7398, B
7400, C
7401, C
7402, C
7403, C
7404, C
7405, C
7406, C
7407, C
7408, C
7409, C
7410, C
7411, C
7412, C
7413, C
7414, C
7415, C
7416, C
7417, C
7418, C
7419, C
7420, C
7421, C
7422, C
7423, C
7424, C
7425, C
7426, C
7427, C
7428, C
7429, C
7430, C
7431, C
7432, C
7433, C
7434, C
7435, C
7436, C
7437, C
7438, C
7439, C
7440, C
7441, C
7442, C
7443, C
7444, C
7445, C
7446, C
7447, C
7448, C
7449, C
7450, C
7451, C
7452, C
7453, C
7454, C
7455, C
7456, C
7457, C
7458, C
7459, C
7460, C
7461, C
7462, C
7463, C
7464, C
7465, C
7466, C
7467, C
7468, C
7469, C
7470, C
7471, C
7472, C
7473, C
7474, C
7475, C
7476, C
7477, C
7478, C
7479, C
7480, C
7481, C
7482, C
7483, C
7484, C
7485, C
7486, C
7487, C
7488, C
7489, C
7490, C
7491, C
7492, C
7493, C
7494, C
7495, C
7496, C
7497, C
7498, C
7500, C
7501, C
7502, C
7503, C
7504, C
7505, C
7506, C
7507, C
7508, C
7509, C
7510, C
7511, C
7512, C
7513, C
7514, C
7515, C
7516, C
7517, C
7518, C
7519, C
7520, C
7521, C
7522, C
7523, C
7524, C
7525, C
7526, C
7527, C
7528, C
7529, C
7530, C
7531, C
7532, C
7533, C
7534, C
7535, C
7536, C
7537, C
7538, C
7539, C
7540, C
7541, C
7542, C
7543, C
7544, C
7545, C
7546, C
7547, C
7548, C
7549, C
7550, C
7551, C
7552, C
7553, C
7554, C
7555, C
7556, C
7557, C
7558, C
7559, C
7560, C
7561, C
7562, C
7563, C
7564, C
7565, C
7566, C
7567, C
7568, C
7569, C
7570, C
7571, C
7572, C
7573, C
7574, C
7575, C
7576, C
7577, C
7578, C
7579, C
7580, C
7581, C
7582, C
7583, C
7584, C
7585, C
7586, C
7587, C
7588, C
7589, C
7590, C
7591, C
7592, C
7593, C
7594, C
7595, C
7596, C
7597, C
7598, C
7600, D
7601, D
7602, D
7603, D
7604, D
7605, D
7606, D
7607, D
7608, D
7609, D
7610, D
7611, D
7612, D
7613, D
7614, D
7615, D
7616, D
7617, D
7618, D
7619, D
7620, D
7621, D
7622, D
7623, D
7624, D
7625, D
7626, D
7627, D
7628, D
7629, D
7630, D
7631, D
7632, D
7633, D
7634, D
7635, D
7636, D
7637, D
7638, D
7639, D
7640, D
7641, D
7642, D
7643, D
7644, D
7645, D
7646, D
7647, D
7648, D
7649, D
7650, D
7651, D
7652, D
7653, D
7654, D
7655, D
7656, D
7657, D
7658, D
7659, D
7660, D
7661, D
7662, D
7663, D
7664, D
7665, D
7666, D
7667, D
7668, D
7669, D
7670, D
7671, D
7672, D
7673, D
7674, D
7675, D
7676, D
7677, D
7678, D
7679, D
7680, D
7681, D
7682, D
7683, D
7684, D
7685, D
7686, D
7687, D
7688, D
7689, D
7690, D
7691, D
7692, D
7693, D
7694, D
7695, D
7696, D
7697, D
7698, D
0800, 0
0801, 0
0802, 0
0803, 0
0804, 0
0805, 0
0806, 0
0807, 0
0808, 0
0809, 0
0810, 0
0811, 0
0812, 0
0813, 0
0814, 0
0815, 0
0816, 0
0817, 0
0818, 0
0819, 0
0820, 0
0821, 0
0822, 0
0823, 0
0824, 0
0825, 0
0826, 0
0827, 0
0828, 0
0829, 0
0830, 0
0831, 0
0832, 0
0833, 0
0834, 0
0835, 0
0836, 0
0837, 0
0838, 0
0839, 0
0840, 0
0841, 0
0842, 0
0843, 0
0844, 0
0845, 0
0846, 0
0847, 0
0848, 0
0849, 0
0850, 0
0851, 0
0852, 0
0853, 0
0854, 0
0855, 0
0856, 0
0857, 0
0858, 0
0859, 0
0860, 0
0861, 0
0862, 0
0863, 0
0864, 0
0865, 0
0866, 0
0867, 0
0868, 0
0869, 0
0870, 0
0871, 0
0872, 0
0873, 0
0874, 0
0875, 0
0876, 0
0877, 0
0878, 0
0879, 0
0880, 0
0881, 0
0882, 0
0883, 0
0884, 0
0885, 0
0886, 0
0887, 0
0888, 0
0889, 0
0890, 0
0891, 0
0892, 0
0893, 0
0894, 0
0895, 0
0896, 0
0897, 0
0898, 0
8200, B
8201, B
8202, B
8203, B
8204, B
8205, B
8206, B
8207, B
8208, B
8209, B
8210, B
8211, B
8212, B
8213, B
8214, B
8215, B
8216, B
8217, B
8218, B
8219, B
8220, B
8221, B
8222, B
8223, B
8224, B
8225, B
8226, B
8227, B
8228, B
8229, B
8230, B
8231, B
8232, B
8233, B
8234, B
8235, B
8236, B
8237, B
8238, B
8239, B
8240, B
8241, B
8242, B
8243, B
8244, B
8245, B
8246, B
8247, B
8248, B
8249, B
8250, B
8251, B
8252, B
8253, B
8254, B
8255, B
8256, B
8257, B
8258, B
8259, B
8260, B
8261, B
8262, B
8263, B
8264, B
8265, B
8266, B
8267, B
8268, B
8269, B
8270, B
8271, B
8272, B
8273, B
8274, B
8275, B
8276, B
8277, B
8278, B
8279, B
8280, B
8281, B
8282, B
8283, B
8284, B
8285, B
8286, B
8287, B
8288, B
8289, B
8290, B
8291, B
8292, B
8293, B
8294, B
8295, B
8296, B
8297, B
8298, B
8400, C
8401, C
8402, C
8403, C
8404, C
8405, C
8406, C
8407, C
8408, C
8409, C
8410, C
8411, C
8412, C
8413, C
8414, C
8415, C
8416, C
8417, C
8418, C
8419, C
8420, C
8421, C
8422, C
8423, C
8424, C
8425, C
8426, C
8427, C
8428, C
8429, C
8430, C
8431, C
8432, C
8433, C
8434, C
8435, C
8436, C
8437, C
8438, C
8439, C
8440, C
8441, C
8442, C
8443, C
8444, C
8445, C
8446, C
8447, C
8448, C
8449, C
8450, C
8451, C
8452, C
8453, C
8454, C
8455, C
8456, C
8457, C
8458, C
8459, C
8460, C
8461, C
8462, C
8463, C
8464, C
8465, C
8466, C
8467, C
8468, C
8469, C
8470, C
8471, C
8472, C
8473, C
8474, C
8475, C
8476, C
8477, C
8478, C
8479, C
8480, C
8481, C
8482, C
8483, C
8484, C
8485, C
8486, C
8487, C
8488, C
8489, C
8490, C
8491, C
8492, C
8493, C
8494, C
8495, C
8496, C
8497, C
8498, C
8600, D
8601, D
8602, D
8603, D
8604, D
8605, D
8606, D
8607, D
8608, D
8609, D
8610, D
8611, D
8612, D
8613, D
8614, D
8615, D
8616, D
8617, D
8618, D
8619, D
8620, D
8621, D
8622, D
8623, D
8624, D
8625, D
8626, D
8627, D
8628, D
8629, D
8630, D
8631, D
8632, D
8633, D
8634, D
8635, D
8636, D
8637, D
8638, D
8639, D
8640, D
8641, D
8642, D
8643, D
8644, D
8645, D
8646, D
8647, D
8648, D
8649, D
8650, D
8651, D
8652, D
8653, D
8654, D
8655, D
8656, D
8657, D
8658, D
8659, D
8660, D
8661, D
8662, D
8663, D
8664, D
8665, D
8666, D
8667, D
8668, D
8669, D
8670, D
8671, D
8672, D
8673, D
8674, D
8675, D
8676, D
8677, D
8678, D
8679, D
8680, D
8681, D
8682, D
8683, D
8684, D
8685, D
8686, D
8687, D
8688, D
8689, D
8690, D
8691, D
8692, D
8693, D
8694, D
8695, D
8696, D
8697, D
8698, D
0900, 0
0901, 0
0902, 0
0903, 0
0904, 0
0905, 0
0906, 0
0907, 0
0908, 0
0909, 0
0910, 0
0911, 0
0912, 0
0913, 0
0914, 0
0915, 0
0916, 0
0917, 0
0918, 0
0919, 0
0920, 0
0921, 0
0922, 0
0923, 0
0924, 0
0925, 0
0926, 0
0927, 0
0928, 0
0929, 0
0930, 0
0931, 0
0932, 0
0933, 0
0934, 0
0935, 0
0936, 0
0937, 0
0938, 0
0939, 0
0940, 0
0941, 0
0942, 0
0943, 0
0944, 0
0945, 0
0946, 0
0947, 0
0948, 0
0949, 0
0950, 0
0951, 0
0952, 0
0953, 0
0954, 0
0955, 0
0956, 0
0957, 0
0958, 0
0959, 0
0960, 0
0961, 0
0962, 0
0963, 0
0964, 0
0965, 0
0966, 0
0967, 0
0968, 0
0969, 0
0970, 0
0971, 0
0972, 0
0973, 0
0974, 0
0975, 0
0976, 0
0977, 0
0978, 0
0979, 0
0980, 0
0981, 0
0982, 0
0983, 0
0984, 0
0985, 0
0986, 0
0987, 0
0988, 0
0989, 0
0990, 0
0991, 0
0992, 0
0993, 0
0994, 0
0995, 0
0996, 0
0997, 0
0998, 0
9200, B
9201, B
9202, B
9203, B
9204, B
9205, B
9206, B
9207, B
9208, B
9209, B
9210, B
9211, B
9212, B
9213, B
9214, B
9215, B
9216, B
9217, B
9218, B
9219, B
9220, B
9221, B
9222, B
9223, B
9224, B
9225, B
9226, B
9227, B
9228, B
9229, B
9230, B
9231, B
9232, B
9233, B
9234, B
9235, B
9236, B
9237, B
9238, B
9239, B
9240, B
9241, B
9242, B
9243, B
9244, B
9245, B
9246, B
9247, B
9248, B
9249, B
9250, B
9251, B
9252, B
9253, B
9254, B
9255, B
9256, B
9257, B
9258, B
9259, B
9260, B
9261, B
9262, B
9263, B
9264, B
9265, B
9266, B
9267, B
9268, B
9269, B
9270, B
9271, B
9272, B
9273, B
9274, B
9275, B
9276, B
9277, B
9278, B
9279, B
9280, B
9281, B
9282, B
9283, B
9284, B
9285, B
9286, B
9287, B
9288, B
9289, B
9290, B
9291, B
9292, B
9293, B
9294, B
9295, B
9296, B
9297, B
9298, B
9400, C
9401, C
9402, C
9403, C
9404, C
9405, C
9406, C
9407, C
9408, C
9409, C
9410, C
9411, C
9412, C
9413, C
9414, C
9415, C
9416, C
9417, C
9418, C
9419, C
9420, C
9421, C
9422, C
9423, C
9424, C
9425, C
9426, C
9427, C
9428, C
9429, C
9430, C
9431, C
9432, C
9433, C
9434, C
9435, C
9436, C
9437, C
9438, C
9439, C
9440, C
9441, C
9442, C
9443, C
9444, C
9445, C
9446, C
9447, C
9448, C
9449, C
9450, C
9451, C
9452, C
9453, C
9454, C
9455, C
9456, C
9457, C
9458, C
9459, C
9460, C
9461, C
9462, C
9463, C
9464, C
9465, C
9466, C
9467, C
9468, C
9469, C
9470, C
9471, C
9472, C
9473, C
9474, C
9475, C
9476, C
9477, C
9478, C
9479, C
9480, C
9481, C
9482, C
9483, C
9484, C
9485, C
9486, C
9487, C
9488, C
9489, C
9490, C
9491, C
9492, C
9493, C
9494, C
9495, C
9496, C
9497, C
9498, C
9500, C
9501, C
9502, C
9503, C
9504, C
9505, C
9506, C
9507, C
9508, C
9509, C
9510, C
9511, C
9512, C
9513, C
9514, C
9515, C
9516, C
9517, C
9518, C
9519, C
9520, C
9521, C
9522, C
9523, C
9524, C
9525, C
9526, C
9527, C
9528, C
9529, C
9530, C
9531, C
9532, C
9533, C
9534, C
9535, C
9536, C
9537, C
9538, C
9539, C
9540, C
9541, C
9542, C
9543, C
9544, C
9545, C
9546, C
9547, C
9548, C
9549, C
9550, C
9551, C
9552, C
9553, C
9554, C
9555, C
9556, C
9557, C
9558, C
9559, C
9560, C
9561, C
9562, C
9563, C
9564, C
9565, C
9566, C
9567, C
9568, C
9569, C
9570, C
9571, C
9572, C
9573, C
9574, C
9575, C
9576, C
9577, C
9578, C
9579, C
9580, C
9581, C
9582, C
9583, C
9584, C
9585, C
9586, C
9587, C
9588, C
9589, C
9590, C
9591, C
9592, C
9593, C
9594, C
9595, C
9596, C
9597, C
9598, C
9600, D
9601, D
9602, D
9603, D
9604, D
9605, D
9606, D
9607, D
9608, D
9609, D
9610, D
9611, D
9612, D
9613, D
9614, D
9615, D
9616, D
9617, D
9618, D
9619, D
9620, D
9621, D
9622, D
9623, D
9624, D
9625, D
9626, D
9627, D
9628, D
9629, D
9630, D
9631, D
9632, D
9633, D
9634, D
9635, D
9636, D
9637, D
9638, D
9639, D
9640, D
9641, D
9642, D
9643, D
9644, D
9645, D
9646, D
9647, D
9648, D
9649, D
9650, D
9651, D
9652, D
9653, D
9654, D
9655, D
9656, D
9657, D
9658, D
9659, D
9660, D
9661, D
9662, D
9663, D
9664, D
9665, D
9666, D
9667, D
9668, D
9669, D
9670, D
9671, D
9672, D
9673, D
9674, D
9675, D
9676, D
9677, D
9678, D
9679, D
9680, D
9681, D
9682, D
9683, D
9684, D
9685, D
9686, D
9687, D
9688, D
9689, D
9690, D
9691, D
9692, D
9693, D
9694, D
9695, D
9696, D
9697, D
9698, D
